{
  "box2model": [
    [
      1.403022096825018, 
      -0.014142616634222394, 
      -449.03225708007795
    ], 
    [
      -0.02202021806825416, 
      1.280288501090625, 
      -302.0833435058594
    ], 
    [
      1.3129368997497016e-05, 
      -6.423719863146216e-05, 
      1.0
    ]
  ], 
  "z_values": [
    728, 
    694
  ], 
  "height_points": [
    [
      323.11290322580646, 
      302.72580645161287
    ], 
    [
      365.69354838709683, 
      438.98387096774195
    ]
  ], 
  "model2img": [
    [
      0.6686206186750201, 
      0.009077977994632329, 
      325.0654272583579
    ], 
    [
      0.012678939193007388, 
      0.6960143789516456, 
      244.45560927445416
    ], 
    [
      1.8991967734005447e-05, 
      -1.05263784333911e-05, 
      1.0
    ]
  ], 
  "img_points": [
    [
      22.209677419354819, 
      28.661290322580726
    ], 
    [
      612.66129032258061, 
      31.5
    ], 
    [
      626.85483870967744, 
      460.14516129032245
    ], 
    [
      13.693548387096769, 
      468.6612903225805
    ]
  ], 
  "img2model": [
    [
      1.501517261732589, 
      -0.026866458300955187, 
      -481.52369386155164
    ], 
    [
      -0.017272797296587317, 
      1.423837997274699, 
      -342.45039592693314
    ], 
    [
      -2.8698587882732907e-05, 
      1.5498104237149585e-05, 
      1.0
    ]
  ], 
  "img2box": [
    [
      1.0582769498906963, 
      0.020482778757804236, 
      -24.091051846142328
    ], 
    [
      -0.005457909283956015, 
      1.1352455014508416, 
      -32.41638341163223
    ], 
    [
      -4.299437832122609e-05, 
      8.818154176086802e-05, 
      1.0
    ]
  ], 
  "_comment": "\n        This file contains calibrations for model /home/sandbox/src/sandbox-fm/tests/Waal_schematic/waal_with_side.mdu.\n        It is generated with the perspective transform from opencv.\n        ", 
  "box2img": [
    [
      0.9472234133694234, 
      -0.0188155346856348, 
      22.2096767425534
    ], 
    [
      0.005702489154554062, 
      0.8799227186994152, 
      28.66129112243633
    ], 
    [
      4.0222429630499656e-05, 
      -7.840190003615739e-05, 
      1.0
    ]
  ], 
  "model2box": [
    [
      0.7020659516854026, 
      0.02393547243028476, 
      322.4807664445028
    ], 
    [
      0.01005258359723199, 
      0.7844920405894191, 
      241.4959128771366
    ], 
    [
      -8.571933077875567e-06, 
      5.007931364950015e-05, 
      1.0
    ]
  ], 
  "z": [
    0.0, 
    9.0
  ], 
  "model_points": [
    [
      -449.03225806451564, 
      -302.08333333333326
    ], 
    [
      445.16129032258095, 
      -313.54166666666652
    ], 
    [
      452.25806451612925, 
      305.20833333333326
    ], 
    [
      -470.322580645161, 
      322.39583333333326
    ]
  ]
}
