{
  "box": [
    [
      0,
      0
    ],
    [
      640,
      0
    ],
    [
      640,
      480
    ],
    [
      0,
      480
    ]
  ],
  "box2img": [
    [
      3.0000000000000018,
      2.2376577587385205e-16,
      -6.62837840170738e-15
    ],
    [
      -8.589998287331091e-16,
      2.2500000000000013,
      -5.3099885599650065e-15
    ],
    [
      7.937856768630368e-19,
      4.227538131023763e-19,
      1.0
    ]
  ],
  "box2img_post_cut": [
    [
      6.498437499999999,
      7.834783711559157e-16,
      -2.7037400096574515e-14
    ],
    [
      -3.662434938656034e-16,
      6.249999999999998,
      -1.6986412276764895e-14
    ],
    [
      1.4058596254828748e-19,
      4.804248454095734e-19,
      1.0
    ]
  ],
  "box2img_pre_cut": [
    [
      6.764465024524312,
      0.08224165166860287,
      93.99999999999994
    ],
    [
      -0.07836451802582356,
      6.448147889798834,
      188.0
    ],
    [
      2.1216779221886893e-05,
      -8.146878095013191e-06,
      1.0
    ]
  ],
  "box2model": [
    [
      1.25,
      2.220446049250313e-16,
      -400.0000000000005
    ],
    [
      6.106226635438361e-16,
      -1.250000000000002,
      299.99999999999983
    ],
    [
      -1.3010426069826053e-18,
      2.2768245622195593e-18,
      1.0
    ]
  ],
  "img2box": [
    [
      0.3333333333333341,
      9.927795771477428e-16,
      -4.782775737954825e-13
    ],
    [
      5.0268281985549725e-17,
      0.4444444444444464,
      -1.9122951919886555e-13
    ],
    [
      5.943861387864634e-19,
      2.5428226861594615e-18,
      1.0
    ]
  ],
  "img2img_post_cut": [
    [
      2.1661458333333345,
      -9.005696646855084e-16,
      -2.7392584728280767e-14
    ],
    [
      -3.839486000455864e-16,
      2.7777777777777786,
      -2.0028249891890226e-14
    ],
    [
      -1.8344891092713683e-19,
      -3.323425585600241e-20,
      1.0
    ]
  ],
  "img2img_pre_cut": [
    [
      2.254821674841437,
      0.03655184518604332,
      93.99999999999994
    ],
    [
      -0.02612150600860816,
      2.8658435065772583,
      188.00000000000003
    ],
    [
      7.0722597406287815e-06,
      -3.6208347088960468e-06,
      1.0
    ]
  ],
  "img2model": [
    [
      0.4166666666666669,
      3.3306690738754696e-16,
      -400.00000000000017
    ],
    [
      -1.249000902703301e-16,
      -0.5555555555555565,
      300.0000000000005
    ],
    [
      3.2526065174565133e-19,
      -7.047314121155779e-19,
      1.0
    ]
  ],
  "img_points": [
    [
      0,
      0
    ],
    [
      1920,
      0
    ],
    [
      1920,
      1080
    ],
    [
      0,
      1080
    ]
  ],
  "img_post_cut2box": [
    [
      0.15388314498677583,
      2.8862866384244243e-16,
      -2.96586567154547e-13
    ],
    [
      5.533708596059707e-17,
      0.16000000000000036,
      -1.7122818462590728e-13
    ],
    [
      2.308949375003672e-19,
      5.418407634566938e-19,
      1.0
    ]
  ],
  "img_post_cut2img": [
    [
      0.4616494349603268,
      -6.671377076362679e-18,
      -9.283291366526947e-15
    ],
    [
      -1.1402173877297174e-16,
      0.3600000000000002,
      -5.293942367812221e-15
    ],
    [
      1.393870417985743e-20,
      -2.6707400157349814e-20,
      1.0
    ]
  ],
  "img_post_cut2img_pre_cut": [
    [
      1.0409371521268476,
      0.013158664266975775,
      94.00000000000009
    ],
    [
      -0.012058978489186432,
      1.0317036623678126,
      188.00000000000003
    ],
    [
      3.2649047131538834e-06,
      -1.3035004952024494e-06,
      1.0
    ]
  ],
  "img_post_cut2model": [
    [
      0.19235393123346942,
      -9.71445146547012e-17,
      -400.00000000000006
    ],
    [
      6.938893903907228e-17,
      -0.20000000000000032,
      300.0000000000001
    ],
    [
      -3.5236570605778894e-19,
      2.439454888092385e-19,
      1.0
    ]
  ],
  "img_post_cut_points": [
    [
      0,
      0
    ],
    [
      4159,
      0
    ],
    [
      4159,
      3000
    ],
    [
      0,
      3000
    ]
  ],
  "img_pre_cut2box": [
    [
      0.14784461971285195,
      -0.0019027621584663352,
      -13.539674967216738
    ],
    [
      0.0018877664002252999,
      0.15501466401850045,
      -29.32020687709929
    ],
    [
      -3.1214072528565527e-06,
      1.3032560553268872e-06,
      1.0
    ]
  ],
  "img_pre_cut2img": [
    [
      0.44353385913855564,
      -0.005708286475399716,
      -40.619024901649034
    ],
    [
      0.004247474400507127,
      0.3487829940416252,
      -65.97046547347314
    ],
    [
      -3.121407252856463e-06,
      1.3032560553262993e-06,
      1.0
    ]
  ],
  "img_pre_cut2img_post_cut": [
    [
      0.960759020915235,
      -0.012364980964160152,
      -87.9867315447699
    ],
    [
      0.011798540001408321,
      0.968841650115625,
      -183.25129298186988
    ],
    [
      -3.1214072528565425e-06,
      1.303256055326335e-06,
      1.0
    ]
  ],
  "img_pre_cut2model": [
    [
      0.18605433754220724,
      -0.0028997551202137387,
      -416.9245937090206
    ],
    [
      -0.0032961301761386397,
      -0.19337735320652713,
      336.650258596374
    ],
    [
      -3.1214072528570067e-06,
      1.3032560553264349e-06,
      1.0
    ]
  ],
  "img_pre_cut_points": [
    [
      94.0,
      188.0
    ],
    [
      4364.0,
      136.0
    ],
    [
      4420.0,
      3202.0
    ],
    [
      134.0,
      3296.0
    ]
  ],
  "model2box": [
    [
      0.7999999999999998,
      -1.6653345369377348e-16,
      319.99999999999994
    ],
    [
      2.7755575615628914e-16,
      -0.7999999999999998,
      240.00000000000009
    ],
    [
      2.168404344971009e-19,
      -4.336808689942018e-19,
      1.0
    ]
  ],
  "model2img": [
    [
      2.3999999999999995,
      5.551115123125783e-16,
      959.9999999999994
    ],
    [
      -4.440892098500626e-16,
      -1.7999999999999994,
      540.0
    ],
    [
      -1.5178830414797062e-18,
      5.421010862427522e-19,
      1.0
    ]
  ],
  "model2img_post_cut": [
    [
      5.1987499999999995,
      4.440892098500626e-16,
      2079.5
    ],
    [
      -8.881784197001252e-16,
      -5.000000000000002,
      1500.0
    ],
    [
      -2.168404344971009e-19,
      2.168404344971009e-19,
      1.0
    ]
  ],
  "model2img_pre_cut": [
    [
      5.385537691649082,
      -0.06547679872376413,
      2267.4058952178284
    ],
    [
      -0.062390013694491486,
      -5.133701390418699,
      1702.2499695299437
    ],
    [
      1.689176657438578e-05,
      6.486147668870581e-06,
      1.0
    ]
  ],
  "model_points": [
    [
      -400,
      300
    ],
    [
      400,
      300
    ],
    [
      400,
      -300
    ],
    [
      -400,
      -300
    ]
  ],
  "z": [
    0.0,
    9.0
  ],
  "z_values": [
    0,
    5
  ]
}